id,name
0,SAN
1,SFO
2,RNO
3,BUR
4,OAK
5,LAX
6,PHX
7,PDX
8,SJC
9,LAS
10,SNA
11,SMF
12,ABQ
13,GEG
14,SCK
15,MFR
16,MRY
17,TUS
18,EUG
19,SEA
20,RDM
21,FAT
22,LGB
23,ONT
24,CCR
25,BLI
26,PSC
27,YKM
28,JFK
29,STL
30,HNL
31,MIA
32,SJU
33,DEN
34,CVG
35,DAY
36,DCA
37,ORF
38,DTW
39,TUL
40,SYR
41,LGA
42,BOS
43,PHL
44,TPA
45,ORD
46,MCO
47,CLE
48,COS
49,MKE
50,IAD
51,CMH
52,EWR
53,PIT
54,IND
55,HOU
56,SAT
57,MCI
58,OKC
59,FLL
60,BNA
61,DFW
62,BWI
63,BDL
64,LIT
65,ICT
66,SLC
67,SDF
68,IAH
69,JAX
70,PSP
71,ANC
72,MSY
73,OMA
74,RSW
75,SRQ
76,PBI
77,ATL
78,MDW
79,AUS
80,MSP
81,MDT
82,MLI
83,MSN
84,CLT
85,DSM
86,FSD
87,RDU
88,LEX
89,PIA
90,MEM
91,SGF
92,CMI
93,CID
94,SUX
95,LNK
96,TOL
97,ALO
98,RST
99,OGG
100,FAI
101,KOA
102,ROC
103,MBS
104,LIH
105,SBA
106,BUF
107,ALB
108,ISP
109,PVD
110,GSO
111,GRR
112,BIL
113,BHM
114,HSV
115,CAE
116,SAV
117,FOE
118,MHT
119,ELP
120,TYS
121,JAN
122,BFL
123,BTV
124,BGR
125,PWM
126,ABE
127,BOI
128,ILM
129,CAK
130,GTF
131,CPR
132,RIC
133,FAR
134,RAP
135,CHS
136,CRW
137,HPN
138,ILG
139,RDD
140,ACV
141,LMT
142,DAL
143,HRL
144,LBB
145,AMA
146,CRP
147,MAF
148,TLH
149,MLB
150,PNS
151,GSP
152,MOB
153,AVP
154,DAB
155,GNV
156,STT
157,STX
158,EVV
159,YUM
160,PUB
161,DRO
162,GJT
163,GCN
164,FLG
165,DLH
166,AZO
167,GRB
168,ERI
169,FWA
170,MGM
171,BIS
172,MOT
173,SBN
174,GFK
175,VPS
176,LSE
177,BZN
178,EAU
179,ATW
180,CWA
181,BTR
182,SHV
183,LAN
184,MSO
185,CHA
186,GPT
187,PFN
188,AVL
189,ROA
190,FAY
191,OAJ
192,HTS
193,TRI
194,FNT
195,LYH
196,MYR
197,ISO
198,AGS
199,CHO
200,ORH
201,EYW
202,UCA
203,BGM
204,APF
205,ITH
206,ELM
207,LFT
208,GUM
209,ROR
210,YAP
211,SPN
212,MFE
213,MLU
214,CSG
215,FCA
216,HLN
217,IDA
218,JAC
219,JNU
220,BTM
221,PIE
222,TVL
223,PHF
224,BET
225,OME
226,OTZ
227,SCC
228,KTN
229,CDV
230,YAK
231,SIT
232,PSG
233,WRG
234,GUC
235,HDN
236,PIR
237,PIH
